{"1": 10.924615859985352, "2": 10.913536071777344, "3": 10.925254821777344, "4": 10.836713790893555, "5": 10.785956382751465, "6": 10.759540557861328, "7": 10.856218338012695, "8": 10.864676475524902, "9": 10.597167015075684, "10": 10.379842758178711, "11": 10.75723648071289, "12": 10.283507347106934, "13": 10.47071361541748, "14": 10.354674339294434, "15": 10.116968154907227, "16": 10.31068229675293, "17": 10.288727760314941, "18": 10.116726875305176, "19": 10.33048152923584, "20": 9.728160858154297, "21": 9.954925537109375, "22": 9.757369041442871, "23": 9.921904563903809, "24": 9.717536926269531, "25": 9.853876113891602, "26": 9.721789360046387, "27": 9.87648868560791, "28": 9.831258773803711, "29": 9.689909934997559, "30": 9.678094863891602, "31": 9.554464340209961, "32": 9.702188491821289, "33": 9.535483360290527, "34": 9.748866081237793, "35": 9.666080474853516, "36": 9.799661636352539, "37": 9.844423294067383, "38": 9.708219528198242, "39": 9.498636245727539}