{"1": 10.838130950927734, "2": 10.838130950927734, "3": 10.884161949157715, "4": 10.887099266052246, "5": 10.834335327148438, "6": 10.755941390991211, "7": 10.671958923339844, "8": 10.542274475097656, "9": 10.477534294128418, "10": 10.591064453125, "11": 10.591064453125, "12": 10.315263748168945, "13": 10.259889602661133, "14": 10.259889602661133, "15": 10.281591415405273, "16": 10.263508796691895, "17": 10.15932846069336, "18": 10.363031387329102, "19": 10.060477256774902, "20": 9.970630645751953, "21": 9.970630645751953, "22": 9.72953987121582, "23": 9.72953987121582, "24": 9.716575622558594, "25": 9.572553634643555, "26": 9.465229034423828, "27": 9.847003936767578, "28": 10.006624221801758, "29": 10.189847946166992, "30": 9.646589279174805, "31": 9.763177871704102, "32": 9.763177871704102, "33": 9.69182014465332, "34": 9.628825187683105, "35": 9.769542694091797, "36": 9.769542694091797, "37": 9.69356632232666, "38": 9.633336067199707, "39": 9.633336067199707}